loanId,,,,,,,,,,,,,,,,,,,,,,,,,
2507518,,,,,,,,,,,,,,,,,,,,,,,,,
2507519,,,,,,,,,,,,,,,,,,,,,,,,,
2507517,,,,,,,,,,,,,,,,,,,,,,,,,
2507516,,,,,,,,,,,,,,,,,,,,,,,,,
2507515,,,,,,,,,,,,,,,,,,,,,,,,,
2507514,,,,,,,,,,,,,,,,,,,,,,,,,
2507513,,,,,,,,,,,,,,,,,,,,,,,,,
2507512,,,,,,,,,,,,,,,,,,,,,,,,,
2507510,,,,,,,,,,,,,,,,,,,,,,,,,
2507511,,,,,,,,,,,,,,,,,,,,,,,,,
2507509,,,,,,,,,,,,,,,,,,,,,,,,,
2507508,,,,,,,,,,,,,,,,,,,,,,,,,
2507506,,,,,,,,,,,,,,,,,,,,,,,,,
2507507,,,,,,,,,,,,,,,,,,,,,,,,,
2507505,,,,,,,,,,,,,,,,,,,,,,,,,
2507504,,,,,,,,,,,,,,,,,,,,,,,,,
2507502,,,,,,,,,,,,,,,,,,,,,,,,,
2507503,,,,,,,,,,,,,,,,,,,,,,,,,
2507501,,,,,,,,,,,,,,,,,,,,,,,,,
2507500,,,,,,,,,,,,,,,,,,,,,,,,,
2507499,,,,,,,,,,,,,,,,,,,,,,,,,
2507497,,,,,,,,,,,,,,,,,,,,,,,,,
2507498,,,,,,,,,,,,,,,,,,,,,,,,,
2507496,,,,,,,,,,,,,,,,,,,,,,,,,
2507495,,,,,,,,,,,,,,,,,,,,,,,,,
2507494,,,,,,,,,,,,,,,,,,,,,,,,,
2507492,,,,,,,,,,,,,,,,,,,,,,,,,
2507493,,,,,,,,,,,,,,,,,,,,,,,,,
2507491,,,,,,,,,,,,,,,,,,,,,,,,,
2507490,,,,,,,,,,,,,,,,,,,,,,,,,
2507488,,,,,,,,,,,,,,,,,,,,,,,,,
2507489,,,,,,,,,,,,,,,,,,,,,,,,,
2507487,,,,,,,,,,,,,,,,,,,,,,,,,
2507486,,,,,,,,,,,,,,,,,,,,,,,,,
2507484,,,,,,,,,,,,,,,,,,,,,,,,,
2507485,,,,,,,,,,,,,,,,,,,,,,,,,
2507483,,,,,,,,,,,,,,,,,,,,,,,,,
2507482,,,,,,,,,,,,,,,,,,,,,,,,,
2507480,,,,,,,,,,,,,,,,,,,,,,,,,
2507481,,,,,,,,,,,,,,,,,,,,,,,,,
2507479,,,,,,,,,,,,,,,,,,,,,,,,,
2507478,,,,,,,,,,,,,,,,,,,,,,,,,
2507477,,,,,,,,,,,,,,,,,,,,,,,,,
2507475,,,,,,,,,,,,,,,,,,,,,,,,,
2507476,,,,,,,,,,,,,,,,,,,,,,,,,
2507474,,,,,,,,,,,,,,,,,,,,,,,,,
2507473,,,,,,,,,,,,,,,,,,,,,,,,,
2507471,,,,,,,,,,,,,,,,,,,,,,,,,
2507472,,,,,,,,,,,,,,,,,,,,,,,,,
2507470,,,,,,,,,,,,,,,,,,,,,,,,,
2507469,,,,,,,,,,,,,,,,,,,,,,,,,
2507467,,,,,,,,,,,,,,,,,,,,,,,,,
2507468,,,,,,,,,,,,,,,,,,,,,,,,,
2507466,,,,,,,,,,,,,,,,,,,,,,,,,
2507464,,,,,,,,,,,,,,,,,,,,,,,,,
2507465,,,,,,,,,,,,,,,,,,,,,,,,,
2507463,,,,,,,,,,,,,,,,,,,,,,,,,
2507462,,,,,,,,,,,,,,,,,,,,,,,,,
2507460,,,,,,,,,,,,,,,,,,,,,,,,,
2507461,,,,,,,,,,,,,,,,,,,,,,,,,
2507459,,,,,,,,,,,,,,,,,,,,,,,,,
2507457,,,,,,,,,,,,,,,,,,,,,,,,,
2507458,,,,,,,,,,,,,,,,,,,,,,,,,
2507456,,,,,,,,,,,,,,,,,,,,,,,,,
2507455,,,,,,,,,,,,,,,,,,,,,,,,,
2507453,,,,,,,,,,,,,,,,,,,,,,,,,
2507454,,,,,,,,,,,,,,,,,,,,,,,,,
2507452,,,,,,,,,,,,,,,,,,,,,,,,,
2507451,,,,,,,,,,,,,,,,,,,,,,,,,
2507449,,,,,,,,,,,,,,,,,,,,,,,,,
2507450,,,,,,,,,,,,,,,,,,,,,,,,,
2507448,,,,,,,,,,,,,,,,,,,,,,,,,
2507446,,,,,,,,,,,,,,,,,,,,,,,,,
2507447,,,,,,,,,,,,,,,,,,,,,,,,,
2507445,,,,,,,,,,,,,,,,,,,,,,,,,
2507444,,,,,,,,,,,,,,,,,,,,,,,,,
2507442,,,,,,,,,,,,,,,,,,,,,,,,,
2507443,,,,,,,,,,,,,,,,,,,,,,,,,
2507441,,,,,,,,,,,,,,,,,,,,,,,,,
2507439,,,,,,,,,,,,,,,,,,,,,,,,,
2507440,,,,,,,,,,,,,,,,,,,,,,,,,
2507438,,,,,,,,,,,,,,,,,,,,,,,,,
2507436,,,,,,,,,,,,,,,,,,,,,,,,,
2507437,,,,,,,,,,,,,,,,,,,,,,,,,
2507435,,,,,,,,,,,,,,,,,,,,,,,,,
2507434,,,,,,,,,,,,,,,,,,,,,,,,,
2507432,,,,,,,,,,,,,,,,,,,,,,,,,
2507433,,,,,,,,,,,,,,,,,,,,,,,,,
2507431,,,,,,,,,,,,,,,,,,,,,,,,,
2507429,,,,,,,,,,,,,,,,,,,,,,,,,
2507430,,,,,,,,,,,,,,,,,,,,,,,,,
2507428,,,,,,,,,,,,,,,,,,,,,,,,,
2507427,,,,,,,,,,,,,,,,,,,,,,,,,
2507425,,,,,,,,,,,,,,,,,,,,,,,,,
2507426,,,,,,,,,,,,,,,,,,,,,,,,,
2507424,,,,,,,,,,,,,,,,,,,,,,,,,
2507423,,,,,,,,,,,,,,,,,,,,,,,,,
2507422,,,,,,,,,,,,,,,,,,,,,,,,,
2507420,,,,,,,,,,,,,,,,,,,,,,,,,
2507421,,,,,,,,,,,,,,,,,,,,,,,,,
2507419,,,,,,,,,,,,,,,,,,,,,,,,,
2507418,,,,,,,,,,,,,,,,,,,,,,,,,
2507416,,,,,,,,,,,,,,,,,,,,,,,,,
2507417,,,,,,,,,,,,,,,,,,,,,,,,,
2507415,,,,,,,,,,,,,,,,,,,,,,,,,
2507414,,,,,,,,,,,,,,,,,,,,,,,,,
2507412,,,,,,,,,,,,,,,,,,,,,,,,,
2507413,,,,,,,,,,,,,,,,,,,,,,,,,
2507411,,,,,,,,,,,,,,,,,,,,,,,,,
2507409,,,,,,,,,,,,,,,,,,,,,,,,,
2507410,,,,,,,,,,,,,,,,,,,,,,,,,
2507408,,,,,,,,,,,,,,,,,,,,,,,,,
2507407,,,,,,,,,,,,,,,,,,,,,,,,,
2507405,,,,,,,,,,,,,,,,,,,,,,,,,
2507406,,,,,,,,,,,,,,,,,,,,,,,,,
2507404,,,,,,,,,,,,,,,,,,,,,,,,,
2507403,,,,,,,,,,,,,,,,,,,,,,,,,
2507402,,,,,,,,,,,,,,,,,,,,,,,,,
2507400,,,,,,,,,,,,,,,,,,,,,,,,,
2507401,,,,,,,,,,,,,,,,,,,,,,,,,
2507399,,,,,,,,,,,,,,,,,,,,,,,,,
2507397,,,,,,,,,,,,,,,,,,,,,,,,,
2507398,,,,,,,,,,,,,,,,,,,,,,,,,
2507396,,,,,,,,,,,,,,,,,,,,,,,,,
2507394,,,,,,,,,,,,,,,,,,,,,,,,,
2507395,,,,,,,,,,,,,,,,,,,,,,,,,
2507393,,,,,,,,,,,,,,,,,,,,,,,,,
2507392,,,,,,,,,,,,,,,,,,,,,,,,,
2507391,,,,,,,,,,,,,,,,,,,,,,,,,
2507389,,,,,,,,,,,,,,,,,,,,,,,,,
2507390,,,,,,,,,,,,,,,,,,,,,,,,,
2507388,,,,,,,,,,,,,,,,,,,,,,,,,
2507387,,,,,,,,,,,,,,,,,,,,,,,,,
2507385,,,,,,,,,,,,,,,,,,,,,,,,,
2507386,,,,,,,,,,,,,,,,,,,,,,,,,
2507384,,,,,,,,,,,,,,,,,,,,,,,,,
2507383,,,,,,,,,,,,,,,,,,,,,,,,,
2507381,,,,,,,,,,,,,,,,,,,,,,,,,
2507382,,,,,,,,,,,,,,,,,,,,,,,,,
2507380,,,,,,,,,,,,,,,,,,,,,,,,,
2507379,,,,,,,,,,,,,,,,,,,,,,,,,
2507377,,,,,,,,,,,,,,,,,,,,,,,,,
2507378,,,,,,,,,,,,,,,,,,,,,,,,,
2507376,,,,,,,,,,,,,,,,,,,,,,,,,
2507375,,,,,,,,,,,,,,,,,,,,,,,,,
2507373,,,,,,,,,,,,,,,,,,,,,,,,,
2507374,,,,,,,,,,,,,,,,,,,,,,,,,
2507372,,,,,,,,,,,,,,,,,,,,,,,,,
2507370,,,,,,,,,,,,,,,,,,,,,,,,,
2507371,,,,,,,,,,,,,,,,,,,,,,,,,
2507369,,,,,,,,,,,,,,,,,,,,,,,,,
2507367,,,,,,,,,,,,,,,,,,,,,,,,,
2507368,,,,,,,,,,,,,,,,,,,,,,,,,
2507366,,,,,,,,,,,,,,,,,,,,,,,,,
2507365,,,,,,,,,,,,,,,,,,,,,,,,,
2507363,,,,,,,,,,,,,,,,,,,,,,,,,
2507364,,,,,,,,,,,,,,,,,,,,,,,,,
2507362,,,,,,,,,,,,,,,,,,,,,,,,,
2507361,,,,,,,,,,,,,,,,,,,,,,,,,
2507359,,,,,,,,,,,,,,,,,,,,,,,,,
2507360,,,,,,,,,,,,,,,,,,,,,,,,,
2507358,,,,,,,,,,,,,,,,,,,,,,,,,
2507357,,,,,,,,,,,,,,,,,,,,,,,,,
2507356,,,,,,,,,,,,,,,,,,,,,,,,,
2507355,,,,,,,,,,,,,,,,,,,,,,,,,
2507354,,,,,,,,,,,,,,,,,,,,,,,,,
2507353,,,,,,,,,,,,,,,,,,,,,,,,,
2507352,,,,,,,,,,,,,,,,,,,,,,,,,
2507350,,,,,,,,,,,,,,,,,,,,,,,,,
2507351,,,,,,,,,,,,,,,,,,,,,,,,,
2507349,,,,,,,,,,,,,,,,,,,,,,,,,
2507348,,,,,,,,,,,,,,,,,,,,,,,,,
2507346,,,,,,,,,,,,,,,,,,,,,,,,,
2507347,,,,,,,,,,,,,,,,,,,,,,,,,
2507345,,,,,,,,,,,,,,,,,,,,,,,,,
2507344,,,,,,,,,,,,,,,,,,,,,,,,,
2507342,,,,,,,,,,,,,,,,,,,,,,,,,
2507343,,,,,,,,,,,,,,,,,,,,,,,,,
2507341,,,,,,,,,,,,,,,,,,,,,,,,,
2507340,,,,,,,,,,,,,,,,,,,,,,,,,
2507338,,,,,,,,,,,,,,,,,,,,,,,,,
2507339,,,,,,,,,,,,,,,,,,,,,,,,,
2507337,,,,,,,,,,,,,,,,,,,,,,,,,
2507336,,,,,,,,,,,,,,,,,,,,,,,,,
2507334,,,,,,,,,,,,,,,,,,,,,,,,,
2507335,,,,,,,,,,,,,,,,,,,,,,,,,
2507333,,,,,,,,,,,,,,,,,,,,,,,,,
2507332,,,,,,,,,,,,,,,,,,,,,,,,,
2507331,,,,,,,,,,,,,,,,,,,,,,,,,
2507330,,,,,,,,,,,,,,,,,,,,,,,,,
2507328,,,,,,,,,,,,,,,,,,,,,,,,,
2507329,,,,,,,,,,,,,,,,,,,,,,,,,
2507327,,,,,,,,,,,,,,,,,,,,,,,,,
2507326,,,,,,,,,,,,,,,,,,,,,,,,,
2507324,,,,,,,,,,,,,,,,,,,,,,,,,
2507325,,,,,,,,,,,,,,,,,,,,,,,,,
2507323,,,,,,,,,,,,,,,,,,,,,,,,,
2507322,,,,,,,,,,,,,,,,,,,,,,,,,
2507321,,,,,,,,,,,,,,,,,,,,,,,,,
2507320,,,,,,,,,,,,,,,,,,,,,,,,,